Schicht;Laenge;Pruefer
1;29.1902565;1
2;29.48353286;2
3;31.25244304;3
4;25.70317284;1
5;24.44096334;2
6;20.89584389;1
7;21.52417529;2
8;21.87608602;3
9;18.24101676;1
10;20.57219921;3
11;16.60696085;1
12;18.10041366;3
13;14.31512451;2
14;19.48654019;3
15;12.24161735;1
16;12.60555109;2
17;14.7500703;3
18;11.59600251;1
19;11.57679897;2
20;8.540442731;1
21;7.616083066;2
22;8.822342188;3
23;6.66569377;1
24;4.617305125;2
25;2.146227666;1
